{
    "batch_size": 72,
    "image_size": 32,
    "lr": 5e-05,
    "timestep": 100,
    "use_ema": false,
    "epoch_losses": [
        1.0974974094085324,
        0.8666600260919738,
        0.6889856307251939,
        0.5937440673124443,
        0.5326791243645751,
        0.48952508869680383,
        0.4490471470703199,
        0.4207371296813187,
        0.3971914695304574,
        0.37415101805936946,
        0.3616100824573665,
        0.34656754599034206,
        0.3296072953245015,
        0.318640793990163,
        0.30862422996354333,
        0.3015076250416561,
        0.2935856723959006,
        0.2818672568763344,
        0.276702044802962,
        0.27270146235100273,
        0.2679537641770631,
        0.2644559123273035,
        0.25893139969376683,
        0.25407403302424164,
        0.24890269339084625,
        0.24293214762673795,
        0.23781228513972272,
        0.23339223543417106,
        0.22976582244183252,
        0.2249615999680121,
        0.22221855934962487,
        0.21716074081300532,
        0.21155658812777509,
        0.21009592408115424,
        0.20608839956880773,
        0.20218093693256378,
        0.20078406779511462,
        0.19662643766518936,
        0.1922798995832795,
        0.19144637665702302,
        0.18861420213886834,
        0.188880150757947,
        0.1821365623364171,
        0.1817181106041936,
        0.17960058781996513,
        0.1761505652255225,
        0.17318502972716265,
        0.1706093627127629,
        0.17083480245280033,
        0.16713542621401908,
        0.1671360909794141,
        0.1624923755677001,
        0.1622976246244699,
        0.1587537342628229,
        0.15623606314647545,
        0.15210361974042597,
        0.15078463644078635,
        0.1486856433951739,
        0.14608541984581253,
        0.1404951508473424,
        0.13821186957139414,
        0.13602052223913877,
        0.13190102041925042,
        0.1315099974569765,
        0.12822810632800594,
        0.12667967415261036,
        0.12447960544558405,
        0.12145897174633823,
        0.11884093986263553,
        0.1176864351462392,
        0.11644453924257779,
        0.11489841219001604,
        0.11401208924147689,
        0.111947333060422,
        0.11054460711560203,
        0.10847314034850852,
        0.10742714245197843,
        0.1066510384377924,
        0.1056583842750892,
        0.10147639530376323,
        0.10146005133402,
        0.10035916888019414,
        0.09938488350909891,
        0.09906263125029582,
        0.0978731505789803,
        0.09719402198363276,
        0.09597988726878628,
        0.09491321860441884,
        0.09427565451964591,
        0.09560366929734795,
        0.09303444229717393,
        0.09258196813967622,
        0.09370822911557641,
        0.0917610190808773,
        0.09095627839848833,
        0.09007209174117996,
        0.08943707926325428,
        0.08747680770974715,
        0.08688031882047653,
        0.08592229318416235,
        0.08498082393147413,
        0.08407117111734974,
        0.0831491592728976,
        0.08340182802775531,
        0.0827079048579179,
        0.08247029756024046,
        0.08120380063514107,
        0.08152477139408149,
        0.08154320282843507,
        0.07977862779087233,
        0.07988864715093548,
        0.07864848220521964,
        0.07617578409539844,
        0.07622619125160199,
        0.0759339709811419,
        0.07532652865335779,
        0.0741915952739785,
        0.07413650734476673,
        0.07417661042034047,
        0.07373691559995263,
        0.07365620682395778,
        0.07308417829929047,
        0.07237007877635725,
        0.07204261762135238,
        0.07202086959359716,
        0.07216487763431466,
        0.07116079898279848,
        0.07033826880952687,
        0.06945818199694735,
        0.06997125736862711,
        0.07129152177028286,
        0.07066274763455668,
        0.07031359172706465,
        0.06895019262305742,
        0.06880044908199495,
        0.06943985725780136,
        0.06926351416747546,
        0.06837799240952556,
        0.06881738761530339,
        0.06747912405764014,
        0.06616845130197054,
        0.06573589138903664,
        0.06634840546447096,
        0.06503819334275514,
        0.06515021748768474,
        0.06426907442871807,
        0.06450010995263035,
        0.06347258511966872,
        0.06368245871611011,
        0.06353335013812028,
        0.06466223133131138,
        0.06413189799172207,
        0.06326102761967668,
        0.06363010883909985,
        0.06297813786320317,
        0.06289720386990065,
        0.06350493279186267,
        0.06296792409373718,
        0.06272753208730984,
        0.06316112423116721,
        0.06345350870374337,
        0.06286619914677537,
        0.06231895913776842,
        0.062163916280836735,
        0.062102793381341455,
        0.06104557418707505,
        0.0616414894901433,
        0.061140057893053996,
        0.06005628537205816,
        0.060671154047968315,
        0.06086469249962603,
        0.061537329939383906,
        0.06120686410266219,
        0.060197233068711546,
        0.06026046151675067,
        0.06014294101341257,
        0.0610615888122216,
        0.060543062436638526,
        0.05986528572382279,
        0.059029740832963036,
        0.059382607346599545,
        0.06125561487906187,
        0.06148498794696863,
        0.062502951080938,
        0.061627019883938206,
        0.05936757706612059,
        0.05887812050511536,
        0.05864867134001649,
        0.05707960630070816,
        0.057238905898575644,
        0.056873279072127296,
        0.057774454825422136,
        0.056987806901480385,
        0.05596934356591077,
        0.0555414219287414,
        0.05583648383617401,
        0.05524070081707922,
        0.05549827279541099,
        0.05528059609017326,
        0.05526250161375235,
        0.0544244721531868,
        0.05566765586800367,
        0.055286719816402326,
        0.0553718953058847,
        0.05554742494471444,
        0.05581296398078354,
        0.05675166140048249,
        0.05625661021297418,
        0.05534315127336863,
        0.05712897601781539,
        0.05683000823392451,
        0.05655619702799228,
        0.05651358352268784,
        0.0554180742033477,
        0.05664180779775369,
        0.05604719475490376,
        0.05446517626637394,
        0.05475971448117668,
        0.05432388188263166,
        0.05399331226221566,
        0.0544373406621727,
        0.05464038334208206,
        0.05292855998844776,
        0.05332966778174188,
        0.05315282327819218,
        0.05408737164677926,
        0.05546461852285468,
        0.05471490442897509,
        0.05538442343907449,
        0.05515033115171692,
        0.05500223294117497,
        0.05464066223250431,
        0.054438999718398724,
        0.054319013000547305,
        0.054057752767812856,
        0.053541922489705594,
        0.053172763672123834,
        0.05399288002003744,
        0.053313576770060274,
        0.05310376684714868,
        0.053561233472332215,
        0.05340947626719197,
        0.05334109480230553,
        0.05270471847028408,
        0.05201135103780668,
        0.051678706484946234,
        0.05137116248601849,
        0.05188977763563105,
        0.051401332418606116,
        0.05128699881069868,
        0.050941312396265925,
        0.05036253171059692,
        0.050786590221726775,
        0.050880508678196705,
        0.05071888325139157,
        0.05033485444931729,
        0.05067180764400265,
        0.05148775716429775,
        0.05117641053008802,
        0.05096629851506752,
        0.050652417688838484,
        0.049718358707659456,
        0.04981805883275652,
        0.04966631971154977,
        0.0505276730519186,
        0.05040764926200353,
        0.05063624674617087,
        0.05059153539607826,
        0.0502901997561883,
        0.049897366845347346,
        0.04958092439377192,
        0.049787774519289583,
