{
    "batch_size": 160,
    "lr": 5e-05,
    "K": [
        64,
        128,
        256,
        512,
        512
    ],
    "patience": 10,
    "train_losses": [
        0.31657071182054297,
        0.0945547691774939,
        0.059940138883178125,
        0.043519246484514676
    ],
    "validation_losses": [
        0.14232690104168572,
        0.11337509727079982,
        0.11394260185196588,
        0.14247482575233772
    ],
    "test_accuracy": [
        0.9373492100552572,
        0.9502685033854774,
        0.9507614081510882,
        0.9407217163462785
    ],
    "final_accuracy": 0
}