{
    "batch_size": 160,
    "lr": 5e-05,
    "K": [
        64,
        128,
        256,
        512,
        512
    ],
    "patience": 2,
    "train_losses": [
        0.35468185013330994,
        0.10423301245582173
    ],
    "validation_losses": [
        0.15089231150301352,
        0.1284569989991923
    ],
    "test_accuracy": [
        0.9345733779541858,
        0.946325265260591
    ],
    "final_accuracy": 0
}