{
    "batch_size": 72,
    "image_size": 32,
    "lr": 1e-05,
    "timestep": 100,
    "use_ema": false,
    "epoch_losses": [
        0.03962390902406961,
        0.039188408084864755,
        0.03975317265512874,
        0.03900908499739124,
        0.0387986411241073,
        0.03930368093610967,
        0.03866564840512368,
        0.038510682314489654,
        0.03875262358958281,
        0.03895032051408175,
        0.03830378415804465,
        0.03889369460057865,
        0.03868219097262447,
        0.03889283827207621,
        0.038283048378466404,
        0.038284942073729435,
        0.03845391122316851,
        0.039075889959208014,
        0.0387693176281105,
        0.03805489483678225,
        0.03830854723103417,
        0.038506378989341186,
        0.03777543354092292,
        0.038594124097268555,
        0.03805661427526219,
        0.038568451675107175,
        0.03853874262964841,
        0.038202082756364227,
        0.038155669852801895,
        0.03829857772125781,
        0.03836692495325816,
        0.03867163377117763,
        0.03857676485933147,
        0.0383380651473999,
        0.038495561976021934,
        0.03825483225213671,
        0.03857144550646393,
        0.037942978345508714,
        0.037924240044887786,
        0.03831299381710372,
        0.038200172550469924,
        0.03818109678556618,
        0.0378458787081311,
        0.037926352302570944,
        0.03788732115215468,
        0.0378559661794056,
        0.03758904677860945,
        0.03760719973847125,
        0.03797716216988934,
        0.037994757764837114,
        0.037824955940680596,
        0.03794555525177891,
        0.03767365918865482,
        0.0382499023186929,
        0.03776199394131748,
        0.03807291525949552,
        0.03706662814377002,
        0.0375363754958493,
        0.03828176689668766,
        0.03769650482075307,
        0.03776735622544312,
        0.037826414645007515,
        0.03714937394828472,
        0.03751551783055935,
        0.03773303094853475,
        0.03792113060294425,
        0.03783601507978532,
        0.037300422462155515,
        0.03745765756200818,
        0.038004643491749625,
        0.03763998728426336,
        0.037732389945428345,
        0.03759542653716884,
        0.03800318798827894,
        0.037353389489563925,
        0.03763038661439442,
        0.03801704024516263,
        0.03754486879605113,
        0.03770540499137443,
        0.03781973368045196,
        0.03733183468863802,
        0.037621719744598985,
        0.03810961222619686,
        0.03822122022364904,
        0.037461479673686536,
        0.03811644039397101,
        0.037597616302590925,
        0.03762831408711313,
        0.03737269788618806,
        0.037206124514341354,
        0.0377324938195423,
        0.0376447330870964,
        0.03709327968434223,
        0.03747396321189635,
        0.03760813867438187,
        0.03747134483916667,
        0.037290566067383124,
        0.037294281646609306,
        0.037208973258299735,
        0.03764090110159036
    ]
}